ID,LANGUAGE,ABBREVIATION,GLOTTOCODE,CONCEPT,CONCEPT_ID,FORMS,COGNATE_SET,SOURCE,PAGE,COMMENTS,,
TP01,Akuntsú,Ak,akun1241,I,1209,õn,I-1,galucio-etal-2015,249,,,
TP02,Aruá,Ar,arua1261,I,1209,õõt,I-1,galucio-etal-2015,249,,,
TP03,Awetí,Aw,awet1244,I,1209,ito,I-1,galucio-etal-2015,249,,,
TP04,Gavião,Gv,gavi1247,I,1209,õõt,I-1,galucio-etal-2015,249,,,
TP05,Jurúna,Ju,juru1256,I,1209,una,I-1,galucio-etal-2015,249,,,
TP06,Káro,Ka,karo1297,I,1209,?õn,I-1,galucio-etal-2015,249,,,
TP07,Karitiána,Kt,kari1311,I,1209,?n,I-1,galucio-etal-2015,249,,,
TP08,Kuruáya,Ku,kuru1309,I,1209,õn,I-2,galucio-etal-2015,249,,,
TP09,Makuráp,Ma,maku1278,I,1209,õn,I-1,galucio-etal-2015,249,,,
TP10,Mekéns,Me,saki1248,I,1209,õn,I-1,galucio-etal-2015,249,,,
TP11,Mundurukú,Mu,mund1330,I,1209,?n,I-1,galucio-etal-2015,249,,,
TP12,Mawé,Mw,sate1243,I,1209,ujto,I-2,galucio-etal-2015,249,,,
TP13,Paraguayan Guaraní,Pg,para1311,I,1209,?e,I-2,galucio-etal-2015,249,,,
TP14,Parintintín,Pt,pari1258,I,1209,ji(hi),I-2,galucio-etal-2015,249,,,
TP15,Puruborá,Pu,puru1264,I,1209,?õn,I-1,galucio-etal-2015,249,,,
TP16,Salamay,Sa,sala1273,I,1209,õõt,I-1,galucio-etal-2015,249,,,
TP17,Suruí,Su,suru1262,I,1209,ó.?n,I-1,galucio-etal-2015,249,,,
TP18,Tapirapé,Ta, tapi1254,I,1209,ie,I-2,galucio-etal-2015,249,,,
TP19,Tuparí,Tu, tupa1250,I,1209,õn,I-1,galucio-etal-2015,249,,,
TP20,Urubú-Ka’apór,Uk,urub1250,I,1209,ih?,I-2,galucio-etal-2015,249,,,
TP21,Wayoró,Wa,wayo1238,I,1209,õn,I-1,galucio-etal-2015,249,,,
TP22,Xipáya,Xi,xipa1240,I,1209,una,I-1,galucio-etal-2015,249,,,
TP23,Zoró,Zo,zoro1244,I,1209,õõt,I-1,galucio-etal-2015,249,,,
TP24,Akuntsú,Ak,akun1241,WHAT,1236,NA,NA,galucio-etal-2015,250,Missing word,,
TP25,Aruá,Ar,arua1261,WHAT,1236,mé,WHAT-1,galucio-etal-2015,250,,,
TP26,Awetí,Aw,awet1244,WHAT,1236,ka?ika,WHAT-3,galucio-etal-2015,250,,,
TP27,Gavião,Gv,gavi1247,WHAT,1236,mé,WHAT-1,galucio-etal-2015,250,,,
TP28,Jurúna,Ju,juru1256,WHAT,1236,apá,WHAT-5,galucio-etal-2015,250,,,
TP29,Káro,Ka,karo1297,WHAT,1236,k?t,WHAT-8,galucio-etal-2015,250,,,
TP30,Karitiána,Kt,kari1311,WHAT,1236,mõ?ã,WHAT-2,galucio-etal-2015,250,,,
TP31,Kuruáya,Ku,kuru1309,WHAT,1236,ado,WHAT-4,galucio-etal-2015,250,,,
TP32,Makuráp,Ma,maku1278,WHAT,1236,alik?op,WHAT-6,galucio-etal-2015,250,,,
TP33,Mekéns,Me,saki1248,WHAT,1236,a?op,WHAT-4,galucio-etal-2015,250,,,
TP34,Mundurukú,Mu,mund1330,WHAT,1236,a?ó,WHAT-4,galucio-etal-2015,250,Alternative form: á?o,,
TP35,Mawé,Mw,sate1243,WHAT,1236,kat,WHAT-3,galucio-etal-2015,250,,,
TP36,Paraguayan Guaraní,Pg,para1311,WHAT,1236,mba?e,WHAT-2,galucio-etal-2015,250,,,
TP37,Parintintín,Pt,pari1258,WHAT,1236,?a?a,WHAT-3,galucio-etal-2015,250,,,
TP38,Puruborá,Pu,puru1264,WHAT,1236,NA,NA,galucio-etal-2015,250,Missing word,,
TP39,Salamay,Sa,sala1273,WHAT,1236,mé,WHAT-1,galucio-etal-2015,250,,,
TP40,Suruí,Su,suru1262,WHAT,1236,nã?ãn,WHAT-7,galucio-etal-2015,250,,,
TP41,Tapirapé,Ta, tapi1254,WHAT,1236,mahe,WHAT-2,galucio-etal-2015,250,,,
TP42,Tuparí,Tu, tupa1250,WHAT,1236,kat,WHAT-3,galucio-etal-2015,250,,,
TP43,Urubú-Ka’apór,Uk,urub1250,WHAT,1236,ma?e,WHAT-2,galucio-etal-2015,250,,,
TP44,Wayoró,Wa,wayo1238,WHAT,1236,a?op,WHAT-4,galucio-etal-2015,250,,,
TP45,Xipáya,Xi,xipa1240,WHAT,1236,apa,WHAT-5,galucio-etal-2015,250,,,
TP46,Zoró,Zo,zoro1244,WHAT,1236,mé,WHAT-1,galucio-etal-2015,250,,,
TP47,Akuntsú,Ak,akun1241,BIG,1202,a?o,BIG-1,galucio-etal-2015,251,,,
TP48,Aruá,Ar,arua1261,BIG,1202,póój,BIG-2,galucio-etal-2015,251,,,
TP49,Awetí,Aw,awet1244,BIG,1202,watu,BIG-1,galucio-etal-2015,251,,,
TP50,Gavião,Gv,gavi1247,BIG,1202,póòj,BIG-2,galucio-etal-2015,251,,,
TP51,Jurúna,Ju,juru1256,BIG,1202,u?áhu,BIG-1 ,galucio-etal-2015,251,,,
TP52,Káro,Ka,karo1297,BIG,1202,cú,BIG-1 ,galucio-etal-2015,251,,,
TP53,Karitiána,Kt,kari1311,BIG,1202,t?? ,BIG-1 ,galucio-etal-2015,251,,,
TP54,Kuruáya,Ku,kuru1309,BIG,1202,ado?e(?),BIG-7,galucio-etal-2015,251,,,
TP55,Makuráp,Ma,maku1278,BIG,1202,t?ato,BIG-1,galucio-etal-2015,251,,,
TP56,Mekéns,Me,saki1248,BIG,1202,a?o,BIG-2,galucio-etal-2015,251,,,
TP57,Mundurukú,Mu,mund1330,BIG,1202,bo?,BIG-6,galucio-etal-2015,251,,,
TP58,Mawé,Mw,sate1243,BIG,1202,-wato,BIG-1,galucio-etal-2015,251,,,
TP59,Paraguayan Guaraní,Pg,para1311,BIG,1202,wasu,BIG-1,galucio-etal-2015,251,,,
TP60,Parintintín,Pt,pari1258,BIG,1202,-ehãi,BIG-5,galucio-etal-2015,251,,,
TP61,Puruborá,Pu,puru1264,BIG,1202,hu,BIG-1,galucio-etal-2015,251,,,
TP62,Salamay,Sa,sala1273,BIG,1202,póój,BIG-2,galucio-etal-2015,251,,,
TP63,Suruí,Su,suru1262,BIG,1202,póój,BIG-2,galucio-etal-2015,251,,,
TP64,Tapirapé,Ta, tapi1254,BIG,1202,oweteo,BIG-4,galucio-etal-2015,251,,,
TP65,Tuparí,Tu, tupa1250,BIG,1202,e?aat,BIG-9,galucio-etal-2015,251,,,
TP66,Urubú-Ka’apór,Uk,urub1250,BIG,1202,tiha,BIG-3,galucio-etal-2015,251,,,
TP67,Wayoró,Wa,wayo1238,BIG,1202,aka?a,BIG-8,galucio-etal-2015,251,,,
TP68,Xipáya,Xi,xipa1240,BIG,1202,u?ahu,BIG-1 ,galucio-etal-2015,251,,,
TP69,Zoró,Zo,zoro1244,BIG,1202,póòj,BIG-2,galucio-etal-2015,251,,,
TP70,Akuntsú,Ak,akun1241,WOMAN,962,a?ami?a,WOMAN-2,galucio-etal-2015,251,,,
TP71,Aruá,Ar,arua1261,WOMAN,962,ßã?et,WOMAN-3,galucio-etal-2015,251,,,
TP72,Awetí,Aw,awet1244,WOMAN,962,kujã,WOMAN-1,galucio-etal-2015,251,,,
TP73,Gavião,Gv,gavi1247,WOMAN,962,ßã?et,WOMAN-3,galucio-etal-2015,251,,,
TP74,Jurúna,Ju,juru1256,WOMAN,962,ií?a,WOMAN-1,galucio-etal-2015,251,,,
TP75,Káro,Ka,karo1297,WOMAN,962,ma?p?j,WOMAN-8,galucio-etal-2015,251,,,
TP76,Karitiána,Kt,kari1311,WOMAN,962,ej pat,WOMAN-9,galucio-etal-2015,251,,,
TP77,Kuruáya,Ku,kuru1309,WOMAN,962,ao,WOMAN-7,galucio-etal-2015,251,,,
TP78,Makuráp,Ma,maku1278,WOMAN,962,a?ãp?jã,WOMAN-2,galucio-etal-2015,251,,,
TP79,Mekéns,Me,saki1248,WOMAN,962,a?ami?a,WOMAN-2,galucio-etal-2015,251,,,
TP80,Mundurukú,Mu,mund1330,WOMAN,962,ajá?át,WOMAN-6,galucio-etal-2015,251,,,
TP81,Mawé,Mw,sate1243,WOMAN,962,ha??po?ia,WOMAN-5,galucio-etal-2015,251,,,
TP82,Paraguayan Guaraní,Pg,para1311,WOMAN,962,ku?a,WOMAN-1,galucio-etal-2015,251,,,
TP83,Parintintín,Pt,pari1258,WOMAN,962,ku?a,WOMAN-1,galucio-etal-2015,251,,,
TP84,Puruborá,Pu,puru1264,WOMAN,962,pakoja,WOMAN-1,galucio-etal-2015,251,,,
TP85,Salamay,Sa,sala1273,WOMAN,962,ßãzet,WOMAN-3,galucio-etal-2015,251,,,
TP86,Suruí,Su,suru1262,WOMAN,962,ßá?et,WOMAN-3,galucio-etal-2015,251,,,
TP87,Tapirapé,Ta, tapi1254,WOMAN,962,kot??,WOMAN-1,galucio-etal-2015,251,,,
TP88,Tuparí,Tu, tupa1250,WOMAN,962,a?ami?ã,WOMAN-2,galucio-etal-2015,251,,,
TP89,Urubú-Ka’apór,Uk,urub1250,WOMAN,962,k?jã,WOMAN-1,galucio-etal-2015,251,,,
TP90,Wayoró,Wa,wayo1238,WOMAN,962,ã?ãm??ã,WOMAN-2,galucio-etal-2015,251,,,
TP91,Xipáya,Xi,xipa1240,WOMAN,962,si?a,WOMAN-4,galucio-etal-2015,251,,,
TP92,Zoró,Zo,zoro1244,WOMAN,962,ßãzet,WOMAN-3,galucio-etal-2015,251,,,
TP93,Akuntsú,Ak,akun1241,FISH,227,kojtpit,FISH-2,galucio-etal-2015,251,,,
TP94,Aruá,Ar,arua1261,FISH,227,boli?p,FISH-1,galucio-etal-2015,251,,,
TP95,Awetí,Aw,awet1244,FISH,227,pi?a??t,FISH-2,galucio-etal-2015,251,,,
TP96,Gavião,Gv,gavi1247,FISH,227,boli?p,FISH-1,galucio-etal-2015,251,,,
TP97,Jurúna,Ju,juru1256,FISH,227,pi?a,FISH-2,galucio-etal-2015,251,,,
TP98,Káro,Ka,karo1297,FISH,227,ip,FISH-1,galucio-etal-2015,251,,,
TP99,Karitiána,Kt,kari1311,FISH,227,?ip,FISH-1,galucio-etal-2015,251,,,
TP100,Kuruáya,Ku,kuru1309,FISH,227,potip,FISH-1,galucio-etal-2015,251,,,
TP101,Makuráp,Ma,maku1278,FISH,227,potkap,FISH-1,galucio-etal-2015,251,,,
TP102,Mekéns,Me,saki1248,FISH,227,k?jpit,FISH-2,galucio-etal-2015,251,,,
TP103,Mundurukú,Mu,mund1330,FISH,227,a?imá,FISH-3,galucio-etal-2015,251,,,
TP104,Mawé,Mw,sate1243,FISH,227,pi(i)?a,FISH-2,galucio-etal-2015,251,labeled incorrectly as Ma in data,,
TP105,Paraguayan Guaraní,Pg,para1311,FISH,227,pi?a,FISH-2,galucio-etal-2015,251,,,
TP106,Parintintín,Pt,pari1258,FISH,227,pi?a,FISH-2,galucio-etal-2015,251,labeled incorrectly as Pa in data,,
TP107,Puruborá,Pu,puru1264,FISH,227,??p?aj,FISH-1,galucio-etal-2015,251,,,
TP108,Salamay,Sa,sala1273,FISH,227,bolíp,FISH-1,galucio-etal-2015,251,,,
TP109,Suruí,Su,suru1262,FISH,227,mo?íp,FISH-1,galucio-etal-2015,251,mo?i?w-aa,,
TP110,Tapirapé,Ta, tapi1254,FISH,227,hipi?ã,FISH-2,galucio-etal-2015,251,,,
TP111,Tuparí,Tu, tupa1250,FISH,227,ipot,FISH-1,galucio-etal-2015,251,,,
TP112,Urubú-Ka’apór,Uk,urub1250,FISH,227,pi?a,FISH-2,galucio-etal-2015,251,,,
TP113,Wayoró,Wa,wayo1238,FISH,227,ißojt,FISH-1,galucio-etal-2015,251,,,
TP114,Xipáya,Xi,xipa1240,FISH,227,?ita,FISH-2,galucio-etal-2015,251,,,
TP115,Zoró,Zo,zoro1244,FISH,227,bolíp,FISH-1,galucio-etal-2015,251,,,
,,,,,,,,,,,,
